Iteration,Experiment Index,Experiment Parameters,Suggested Parameters,Observed Yield Strength,Max Yield Strength in Dataset,Stopping Reason
0,57,Initial Selection,N/A,1235.9,2510.3,Initial selection
1,151,"Fe: 0.706, C: 0.000906, Mn: 9.9e-05, Si: 0.0372, Cr: 0.162, Ni: 0.0361, Mo: 0.000113, V: 0.000107, Nb: 5.86e-05, Co: 0.0554, Al: 0.000806, Ti: 0.000796, N: 0.0, W: 0.0","Based on the prior observation showing a high yield strength of 1235.9 MPa, I'll suggest a composition that builds on this successful result by making strategic adjustments to key alloying elements.

My suggested steel composition:

Fe: 0.760000
C: 0.005100
Mn: 0.006000
Si: 0.007500
Cr: 0.140000
Ni: 0.025000
Mo: 0.001500
V: 0.002000
Nb: 0.001000
Co: 0.055000
Al: 0.001000
Ti: 0.002500
N: 0.000500
W: 0.020000

This composition slightly increases the strengthening elements (Cr, Co, V, Nb) while maintaining a good balance of Fe. I've introduced small amounts of Ti and N which can form beneficial precipitates, and slightly increased Mo which improves hardenability and high-temperature strength.",1109.3,2510.3,Continuing
2,159,"Fe: 0.7, C: 0.000479, Mn: 0.000523, Si: 0.00102, Cr: 0.000111, Ni: 0.17, Mo: 0.0298, V: 0.000113, Nb: 6.19e-05, Co: 0.0771, Al: 0.00277, Ti: 0.018, N: 0.0, W: 0.0","Based on the prior observations, I'll suggest a new steel composition that aims to maximize yield strength. I notice that the first composition had a higher yield strength (1235.9 MPa) compared to the second (1109.3 MPa).

My suggested composition:
Fe: 0.760000
C: 0.005000
Mn: 0.006000
Si: 0.010000
Cr: 0.140000
Ni: 0.025000
Mo: 0.000500
V: 0.001000
Nb: 0.000100
Co: 0.050000
Al: 0.001000
Ti: 0.000500
N: 0.000100
W: 0.020000

This composition is inspired by the first sample which had higher yield strength, but with slight adjustments to potentially improve performance while staying within the specified ranges.",2356.4,2510.3,Continuing
3,84,"Fe: 0.69, C: 0.00697, Mn: 0.000102, Si: 0.000199, Cr: 0.15, Ni: 0.00885, Mo: 0.0116, V: 0.00011, Nb: 0.000481, Co: 0.13, Al: 0.000621, Ti: 0.0, N: 0.0, W: 0.0","Based on the observations, I'll suggest a new steel composition that aims to maximize yield strength.

Looking at the data, the highest yield strength (2356.4 MPa) was achieved with a composition that had higher Ni, Mo, Co, and Ti content compared to the other samples, while maintaining relatively low C, Mn, Si, and Cr.

Here's my suggested composition:

Fe: 0.695
C: 0.000500
Mn: 0.000600
Si: 0.00150
Cr: 0.000200
Ni: 0.180
Mo: 0.035000
V: 0.000200
Nb: 0.000100
Co: 0.085000
Al: 0.003000
Ti: 0.020000
N: 0.000100
W: 0.000100

This composition increases the Ni, Mo, Co, and Ti content slightly from the best-performing sample while keeping other elements low, which should potentially lead to even higher yield strength.",1278.2,2510.3,Continuing
4,302,"Fe: 0.688, C: 0.00877, Mn: 0.000101, Si: 0.00987, Cr: 0.134, Ni: 0.00898, Mo: 0.00856, V: 0.000109, Nb: 5.97e-05, Co: 0.141, Al: 0.000617, Ti: 0.0, N: 0.0, W: 0.0","Based on the observations, I'll suggest a new steel composition that aims to maximize yield strength.

Looking at the data, the highest yield strength (2356.4 MPa) was achieved with a composition that had relatively high Co (0.13), moderate Cr (0.15), low Fe (0.69), and specific amounts of C, Mo, and other elements.

My suggested composition:

Fe: 0.680000
C: 0.008500
Mn: 0.000150
Si: 0.000300
Cr: 0.160000
Ni: 0.010000
Mo: 0.015000
V: 0.010000
Nb: 0.001000
Co: 0.150000
Al: 0.000700
Ti: 0.000000
N: 0.000000
W: 0.005000

This composition increases Co and V content while maintaining moderate Cr and Mo levels, with slightly higher C than the best performing sample. I've reduced Fe slightly to accommodate the increased alloying elements.",1311.1,2510.3,Continuing
5,67,"Fe: 0.685, C: 0.0116, Mn: 0.000101, Si: 0.000198, Cr: 0.151, Ni: 0.00882, Mo: 0.0116, V: 0.000109, Nb: 0.000479, Co: 0.131, Al: 0.000619, Ti: 0.0, N: 0.0, W: 0.0","Based on the observations, I'll suggest a new steel composition to maximize yield strength.

The highest yield strength (2356.4 MPa) was observed with:
- Higher Co content (0.13)
- Moderate C content (0.00697)
- Moderate Cr content (0.15)
- Low Mn, Si, and Ni
- Some Mo (0.0116)

I'll suggest a composition that builds on these patterns while exploring slightly higher values for key elements:

Fe: 0.680000
C: 0.010500
Mn: 0.000150
Si: 0.000300
Cr: 0.160000
Ni: 0.007500
Mo: 0.015000
V: 0.010000
Nb: 0.001000
Co: 0.150000
Al: 0.000600
Ti: 0.000000
N: 0.000000
W: 0.005000

This composition increases Co and Cr slightly, moderately increases C, adds some V and Nb which may contribute to precipitation strengthening, while keeping Fe as the base element and maintaining low levels of elements that didn't appear beneficial.",1438.6,2510.3,Continuing
6,201,"Fe: 0.68, C: 0.0, Mn: 0.000102, Si: 0.000199, Cr: 0.127, Ni: 0.0976, Mo: 0.00856, V: 0.00011, Nb: 6.01e-05, Co: 0.0709, Al: 0.00891, Ti: 0.00654, N: 0.0, W: 0.0","Based on the observations, I'll suggest a new steel composition that aims to maximize yield strength.

Looking at the data, the highest yield strength (2356.4 MPa) was achieved with a composition that had moderate C content, high Co content, moderate Cr content, and some Mo content. I'll build on this successful formula while making strategic adjustments.

Suggested next composition:
Fe: 0.680000
C: 0.010000
Mn: 0.000102
Si: 0.000200
Cr: 0.160000
Ni: 0.008000
Mo: 0.015000
V: 0.010000
Nb: 0.005000
Co: 0.150000
Al: 0.000620
Ti: 0.000000
N: 0.000000
W: 0.010000

This composition increases Co and Cr slightly from the best performing sample, adds some V and Nb as strengthening agents, maintains a moderate C content, and includes some W for additional solid solution strengthening.",1586.7,2510.3,Continuing
7,96,"Fe: 0.684, C: 0.00699, Mn: 0.000102, Si: 0.000199, Cr: 0.155, Ni: 9.53e-05, Mo: 0.0177, V: 0.0045, Nb: 6.02e-05, Co: 0.13, Al: 0.000622, Ti: 0.0, N: 0.0012, W: 0.0","Based on the observations, I'll suggest a new steel composition that aims to maximize yield strength.

Looking at the data, I notice that the highest yield strength (2356.4 MPa) was achieved with a composition that had:
- Moderate C content (0.00697)
- Low Si (0.000199)
- High Cr (0.15)
- Moderate Mo (0.0116)
- High Co (0.13)
- Low Al (0.000621)

I'll suggest a composition that builds on these insights while exploring slightly different ratios:

Fe: 0.680000
C: 0.010500
Mn: 0.000102
Si: 0.000200
Cr: 0.160000
Ni: 0.009000
Mo: 0.015000
V: 0.010000
Nb: 0.001000
Co: 0.150000
Al: 0.000620
Ti: 0.000000
N: 0.000000
W: 0.005000

This composition increases C slightly, maximizes Cr within the observed successful range, maintains the successful Co level, increases Mo slightly, and adds some V which wasn't fully explored in the previous samples.",1233.3,2510.3,Continuing
8,308,"Fe: 0.683, C: 0.00925, Mn: 0.000202, Si: 0.00969, Cr: 0.134, Ni: 0.0089, Mo: 0.0114, V: 0.000109, Nb: 0.00012, Co: 0.142, Al: 0.000618, Ti: 0.0, N: 0.0, W: 0.0","Based on the data provided, I'll suggest a new steel composition that aims to maximize yield strength.

The highest yield strength observed was 2356.4 MPa with the composition that had moderate C content (0.00697), high Co (0.13), moderate Cr (0.15), low Ni (0.00885), and some Mo (0.0116).

I notice that compositions with higher Co content (0.13-0.14) tend to perform well. Also, the presence of C, Cr, and Mo appears beneficial. The best performing sample had very low Si and Mn.

Here's my suggested composition:

Fe: 0.680000
C: 0.008500
Mn: 0.000102
Si: 0.000200
Cr: 0.160000
Ni: 0.009000
Mo: 0.015000
V: 0.010000
Nb: 0.000500
Co: 0.150000
Al: 0.000620
Ti: 0.000000
N: 0.001500
W: 0.000000

This composition increases Co slightly from the best performer, maintains similar Cr levels, slightly increases C, adds some V which showed benefits in another sample, and includes a small amount of N which appeared beneficial in one of the higher-performing samples.",1258.6,2510.3,Continuing
9,53,"Fe: 0.687, C: 0.00974, Mn: 0.000101, Si: 0.000198, Cr: 0.151, Ni: 0.00883, Mo: 0.0116, V: 0.000109, Nb: 0.00048, Co: 0.131, Al: 0.00062, Ti: 0.0, N: 0.0, W: 0.0","Based on the data provided, I'll suggest a new steel composition that aims to maximize yield strength.

The highest yield strength observed was 2356.4 MPa with the composition that had moderate C content (0.00697), high Co (0.13), moderate Cr (0.15), low Ni (0.00885), and some Mo (0.0116).

I notice that compositions with higher Co content (0.13-0.14 range) tend to perform well. Also, the presence of V seems beneficial when combined with other elements, as seen in the 1586.7 MPa sample.

Here's my suggested composition:

Fe: 0.680000
C: 0.008500
Mn: 0.000150
Si: 0.000200
Cr: 0.160000
Ni: 0.009000
Mo: 0.015000
V: 0.010000
Nb: 0.000500
Co: 0.150000
Al: 0.000650
Ti: 0.000000
N: 0.001500
W: 0.000000

This composition increases Co slightly beyond previous successful samples, maintains moderate C content, increases V content (which showed promise), and keeps a balance of Cr and Mo that appeared in high-performing samples.",1372.9,2510.3,Continuing
10,197,"Fe: 0.696, C: 0.00974, Mn: 0.000101, Si: 0.000198, Cr: 0.15, Ni: 9.49e-05, Mo: 0.0116, V: 0.000109, Nb: 0.00048, Co: 0.13, Al: 0.000619, Ti: 0.0, N: 0.0, W: 0.0","Based on the data provided, I'll suggest a new steel composition that aims to maximize yield strength.

Looking at the data, I notice that the highest yield strength (2356.4 MPa) was achieved with a composition that had:
- Moderate Fe (0.69)
- Low-moderate C (0.00697)
- Low Mn (0.000102)
- Very low Si (0.000199)
- High Cr (0.15)
- Low Ni (0.00885)
- Moderate Mo (0.0116)
- Low V (0.00011)
- Low Nb (0.000481)
- High Co (0.13)
- Low Al (0.000621)
- No Ti, N, or W

For my suggestion, I'll build on this successful composition while exploring slightly higher values for some elements:

Fe: 0.680000
C: 0.008500
Mn: 0.000105
Si: 0.000200
Cr: 0.160000
Ni: 0.009000
Mo: 0.015000
V: 0.005000
Nb: 0.000500
Co: 0.150000
Al: 0.000650
Ti: 0.000000
N: 0.001500
W: 0.000000

This composition maintains the successful balance of the highest-performing sample while slightly increasing Cr, Co, V, and N which appear to contribute positively to yield strength based on the data patterns.",1348.9,2510.3,Continuing
11,228,"Fe: 0.681, C: 0.00744, Mn: 0.000102, Si: 0.000199, Cr: 0.154, Ni: 9.52e-05, Mo: 0.0175, V: 0.0106, Nb: 6.01e-05, Co: 0.126, Al: 0.00104, Ti: 0.0, N: 0.0012, W: 0.0","Based on the data provided, I'll suggest a new steel composition that aims to maximize yield strength. The highest yield strength observed was 2356.4 MPa from the third sample, which had relatively high Co content, moderate Cr, low C, and some Mo.

I recommend testing the following composition:

Fe: 0.680000
C: 0.007500
Mn: 0.000102
Si: 0.000199
Cr: 0.155000
Ni: 0.009000
Mo: 0.015000
V: 0.010000
Nb: 0.000500
Co: 0.140000
Al: 0.000620
Ti: 0.000000
N: 0.001500
W: 0.000000

This composition increases V content compared to the best-performing sample while maintaining high Co and Cr levels. I've slightly increased C and added some N which appeared beneficial in other high-strength samples. The Mo level is between the values seen in several high-performing samples.",1240.2,2510.3,Continuing
12,251,"Fe: 0.692, C: 0.00968, Mn: 0.000101, Si: 0.0144, Cr: 0.133, Ni: 0.00887, Mo: 0.0114, V: 0.000109, Nb: 0.000477, Co: 0.13, Al: 0.000616, Ti: 0.0, N: 0.0, W: 0.0","Based on the data provided, I'll suggest a new steel composition that aims to maximize yield strength.

Looking at the data, I notice that the highest yield strength (2356.4 MPa) was achieved with:
- Moderate Fe (0.69)
- Moderate C (0.00697)
- Low Mn (0.000102)
- Very low Si (0.000199)
- High Cr (0.15)
- Low Ni (0.00885)
- Moderate Mo (0.0116)
- Low V (0.00011)
- Low Nb (0.000481)
- High Co (0.13)
- Low Al (0.000621)
- No Ti, N, or W

For my suggestion, I'll build on this composition while exploring slightly higher V content (which showed good results in other samples) and adjusting other elements:

Fe: 0.685
C: 0.0085
Mn: 0.000102
Si: 0.000199
Cr: 0.155
Ni: 0.00095
Mo: 0.0175
V: 0.0120
Nb: 0.000485
Co: 0.135
Al: 0.000625
Ti: 0.0
N: 0.0015
W: 0.0",1369.5,2510.3,Continuing
13,120,"Fe: 0.693, C: 0.00877, Mn: 0.000101, Si: 0.0144, Cr: 0.133, Ni: 0.00897, Mo: 0.0114, V: 0.000109, Nb: 0.000477, Co: 0.13, Al: 0.000616, Ti: 0.0, N: 0.0, W: 0.0","Based on the data provided, I'll suggest a new steel composition that aims to maximize yield strength.

Looking at the data, I notice that the highest yield strength (2356.4 MPa) was achieved with a composition that had:
- Moderate Fe (0.69)
- Low-moderate C (0.00697)
- Low Mn (0.000102)
- Very low Si (0.000199)
- High Cr (0.15)
- Low Ni (0.00885)
- Moderate Mo (0.0116)
- Low V (0.00011)
- Low Nb (0.000481)
- High Co (0.13)
- Low Al (0.000621)
- No Ti, N, or W

For my suggested composition, I'll build on this successful formula but make some strategic adjustments:

Fe: 0.675
C: 0.0085
Mn: 0.000102
Si: 0.000199
Cr: 0.155
Ni: 0.00095
Mo: 0.0175
V: 0.0106
Nb: 0.000481
Co: 0.135
Al: 0.000621
Ti: 0.0
N: 0.0012
W: 0.0

This composition combines the high Co and Cr levels from the best-performing sample, increases V content (which showed good results in other samples), adds a small amount of N (which appeared beneficial in another high-strength sample), and maintains the low Si and Mn levels that seem to correlate with higher strength.",1275.3,2510.3,Continuing
14,98,"Fe: 0.656, C: 0.0093, Mn: 0.000102, Si: 0.000199, Cr: 0.152, Ni: 0.00875, Mo: 0.0116, V: 0.00011, Nb: 0.000481, Co: 0.161, Al: 0.000621, Ti: 0.0, N: 0.0, W: 0.0","Based on the data provided, I'll suggest a new steel composition to maximize yield strength.

Looking at the data, I notice that the highest yield strength (2356.4 MPa) was achieved with:
- Moderate Fe (0.69)
- Moderate C (0.00697)
- Low Mn (0.000102)
- Very low Si (0.000199)
- High Cr (0.15)
- Low Ni (0.00885)
- Moderate Mo (0.0116)
- Low V (0.00011)
- Low Nb (0.000481)
- High Co (0.13)
- Low Al (0.000621)
- No Ti, N, or W

For my suggestion, I'll build on this composition but make strategic adjustments based on other high-performing samples:

Fe: 0.675
C: 0.0085
Mn: 0.000102
Si: 0.000199
Cr: 0.155
Ni: 0.00095
Mo: 0.0175
V: 0.0106
Nb: 0.000481
Co: 0.145
Al: 0.000621
Ti: 0.0
N: 0.0012
W: 0.0

This composition combines the high Co content with optimal levels of C, Cr, Mo, and V that appeared in high-performing samples, while keeping Fe slightly lower to accommodate the increased alloying elements.",1243.4,2510.3,Continuing
15,24,"Fe: 0.685, C: 0.0101, Mn: 0.000101, Si: 0.0199, Cr: 0.134, Ni: 0.00884, Mo: 0.0114, V: 0.000108, Nb: 0.000475, Co: 0.129, Al: 0.000614, Ti: 0.0, N: 0.0, W: 0.0","Based on the data provided, I'll suggest a new steel composition to maximize yield strength.

The highest yield strength observed was 2356.4 MPa with the composition:
Fe: 0.69, C: 0.00697, Mn: 0.000102, Si: 0.000199, Cr: 0.15, Ni: 0.00885, Mo: 0.0116, V: 0.00011, Nb: 0.000481, Co: 0.13, Al: 0.000621, Ti: 0.0, N: 0.0, W: 0.0

I notice several patterns in the high-performing compositions:
- Moderate carbon content (around 0.007-0.01)
- Low Mn, Si levels
- High Cr content (0.15-0.16)
- Low to moderate Ni
- Moderate Mo content
- High Co content (0.13-0.16)
- Addition of V seems beneficial

My suggested composition:
Fe: 0.68
C: 0.0085
Mn: 0.000102
Si: 0.000199
Cr: 0.16
Ni: 0.0089
Mo: 0.018
V: 0.015
Nb: 0.0005
Co: 0.135
Al: 0.0006
Ti: 0.0
N: 0.0015
W: 0.0

This composition builds on the highest-performing sample while slightly increasing Cr, Mo, V, and adding a small amount of N, which appeared beneficial in one of the better-performing samples.",1383.7,2510.3,Continuing
16,105,"Fe: 0.669, C: 0.00929, Mn: 0.000102, Si: 0.000596, Cr: 0.151, Ni: 9.5e-05, Mo: 0.0115, V: 0.00011, Nb: 0.00048, Co: 0.157, Al: 0.00062, Ti: 0.0, N: 0.0, W: 0.0","Based on the data provided, I'll suggest a new steel composition to maximize yield strength.

Looking at the data, I notice that the highest yield strength (2356.4 MPa) was achieved with:
- Moderate Fe (0.69)
- Low-moderate C (0.00697)
- Low Mn (0.000102)
- Very low Si (0.000199)
- High Cr (0.15)
- Low Ni (0.00885)
- Moderate Mo (0.0116)
- Low V (0.00011)
- Low Nb (0.000481)
- High Co (0.13)
- Low Al (0.000621)
- No Ti, N, or W

I'll suggest a composition that builds on this successful formula but with some strategic adjustments:

Fe: 0.670
C: 0.0085
Mn: 0.000102
Si: 0.000199
Cr: 0.155
Ni: 0.00095
Mo: 0.0175
V: 0.0120
Nb: 0.000485
Co: 0.145
Al: 0.000625
Ti: 0.0
N: 0.0015
W: 0.0",1358.2,2510.3,Continuing
17,52,"Fe: 0.697, C: 0.00972, Mn: 0.000101, Si: 0.00732, Cr: 0.135, Ni: 0.00909, Mo: 0.0115, V: 0.000109, Nb: 0.000479, Co: 0.13, Al: 0.000618, Ti: 0.0, N: 0.0, W: 0.0","Based on the data provided, I'll suggest a new steel composition to maximize yield strength.

Looking at the highest yield strength (2356.4 MPa) from the data, I notice several key features:
- Moderate Fe content (0.69)
- Relatively high Co content (0.13)
- Presence of Mo (0.0116)
- Moderate Cr content (0.15)
- Low C content (0.00697)

I'll suggest a composition that builds on these observations while exploring slightly different ratios:

Fe: 0.670000
C: 0.008500
Mn: 0.000110
Si: 0.000200
Cr: 0.160000
Ni: 0.000100
Mo: 0.018000
V: 0.015000
Nb: 0.000500
Co: 0.150000
Al: 0.000650
Ti: 0.000000
N: 0.001500
W: 0.000000

This composition maintains high Co and Cr content while increasing V and Mo slightly, which appear beneficial for strength based on the data patterns.",1332.7,2510.3,Continuing
18,183,"Fe: 0.67, C: 0.00798, Mn: 0.000103, Si: 0.000201, Cr: 0.155, Ni: 9.61e-05, Mo: 0.0299, V: 0.00454, Nb: 6.07e-05, Co: 0.131, Al: 0.000627, Ti: 0.0, N: 0.00121, W: 0.0","Based on the data provided, I'll suggest a new steel composition to maximize yield strength.

Looking at the data, I notice that the highest yield strength (2356.4 MPa) was achieved with:
- Moderate Fe (0.69)
- Low-moderate C (0.00697)
- Very low Mn and Si
- Moderate Cr (0.15)
- Low Ni (0.00885)
- Low-moderate Mo (0.0116)
- Very low V
- Low Nb
- High Co (0.13)

I'll suggest a composition that builds on these insights while exploring slightly different ratios:

Fe: 0.675
C: 0.0085
Mn: 0.000105
Si: 0.000205
Cr: 0.155
Ni: 0.0095
Mo: 0.0135
V: 0.0075
Nb: 0.0005
Co: 0.135
Al: 0.00065
Ti: 0.0
N: 0.0015
W: 0.0

This composition maintains the successful balance of elements from the highest-performing sample while slightly increasing V content (which showed good results in other samples) and adding a small amount of N which appeared beneficial in some samples.",1502.0,2510.3,Continuing
19,226,"Fe: 0.683, C: 0.00749, Mn: 0.000102, Si: 0.0002, Cr: 0.156, Ni: 9.58e-05, Mo: 0.0309, V: 0.00453, Nb: 6.05e-05, Co: 0.112, Al: 0.000834, Ti: 0.0, N: 0.00522, W: 0.0","Based on the data provided, I'll suggest a new steel composition to maximize yield strength.

Looking at the highest yield strength (2356.4 MPa) from the data, I notice it had moderate C content, high Co content, low Si, moderate Cr, and some Mo and V. The second highest (1586.7 MPa) had similar features but with added N and higher V.

I recommend testing the following composition:

Fe: 0.680000
C: 0.007500
Mn: 0.000102
Si: 0.000200
Cr: 0.152000
Ni: 0.000095
Mo: 0.020000
V: 0.010000
Nb: 0.000500
Co: 0.150000
Al: 0.000620
Ti: 0.000000
N: 0.002000
W: 0.000000

This composition combines the key features of the highest performing samples: moderate carbon, high cobalt and chromium, low silicon, optimized molybdenum, increased vanadium, and the addition of nitrogen which appeared beneficial in previous high-strength samples.",1646.7,2510.3,Continuing
20,220,"Fe: 0.68, C: 0.0, Mn: 0.000104, Si: 0.000204, Cr: 0.111, Ni: 0.068, Mo: 0.0327, V: 0.000112, Nb: 6.16e-05, Co: 0.106, Al: 0.000636, Ti: 0.0, N: 0.000408, W: 0.0","Based on the data provided, I'll suggest a new steel composition to maximize yield strength.

Looking at the highest yield strength values (2356.4 MPa and 1646.7 MPa), I notice some patterns:
- Higher carbon content (C) appears beneficial
- Low to moderate Chromium (Cr) content
- Presence of Cobalt (Co) at moderate to high levels
- Presence of Vanadium (V) and Nitrogen (N) in the highest strength sample

My suggested composition is:

Fe: 0.680000
C: 0.015000
Mn: 0.000102
Si: 0.000200
Cr: 0.155000
Ni: 0.000100
Mo: 0.030000
V: 0.010000
Nb: 0.000500
Co: 0.150000
Al: 0.000800
Ti: 0.000000
N: 0.005000
W: 0.000000

This composition combines the beneficial elements from the highest performing samples while staying within the specified ranges.",1373.9,2510.3,Continuing
21,3,"Fe: 0.679, C: 0.00705, Mn: 0.000103, Si: 0.000201, Cr: 0.153, Ni: 0.00135, Mo: 0.0282, V: 0.00233, Nb: 6.08e-05, Co: 0.128, Al: 0.000628, Ti: 0.0, N: 0.0, W: 0.0","Based on the data provided, I'll suggest a new steel composition to maximize yield strength.

Looking at the highest yield strength (2356.4 MPa) from the data, I notice it had moderate C content, high Co content, moderate Cr, and some Mo and V. The second highest (1646.7 MPa) had zero C, high Mo, moderate Ni and Co, and some N.

My suggested composition:

Fe: 0.680000
C: 0.007000
Mn: 0.000102
Si: 0.000200
Cr: 0.150000
Ni: 0.000095
Mo: 0.030000
V: 0.020000
Nb: 0.000500
Co: 0.140000
Al: 0.000620
Ti: 0.000000
N: 0.003000
W: 0.000000

This composition combines key elements from the highest performing samples, with increased V content and moderate N content to potentially enhance strength further while staying within the specified ranges.",1341.7,2510.3,Continuing
22,110,"Fe: 0.682, C: 0.00877, Mn: 0.000202, Si: 0.00967, Cr: 0.134, Ni: 0.00907, Mo: 0.00861, V: 0.00501, Nb: 5.97e-05, Co: 0.142, Al: 0.000616, Ti: 0.0, N: 0.0, W: 0.0","Based on the data provided, I'll suggest a new steel composition to maximize yield strength. Looking at the highest yield strength (2356.4 MPa) and other high-performing compositions, I notice patterns in the successful formulations.

My suggested composition is:

Fe: 0.680
C: 0.00700
Mn: 0.000102
Si: 0.000200
Cr: 0.150
Ni: 0.000095
Mo: 0.030000
V: 0.020000
Nb: 0.000060
Co: 0.130
Al: 0.000620
Ti: 0.000000
N: 0.005000
W: 0.000000

This composition combines elements from the highest-performing samples while optimizing key elements that appear to contribute to yield strength. I've increased V content while maintaining high Co and Cr levels, included moderate C content, and added N which appeared beneficial in some high-strength samples.",1241.0,2510.3,Continuing
23,269,"Fe: 0.69, C: 0.00785, Mn: 0.000101, Si: 0.0154, Cr: 0.134, Ni: 0.00898, Mo: 0.0115, V: 0.000109, Nb: 0.000477, Co: 0.132, Al: 0.000617, Ti: 0.0, N: 0.0, W: 0.0","Based on the data provided, I'll suggest a new steel composition to maximize yield strength.

Looking at the highest yield strength values, I notice that the composition with 2356.4 MPa (the highest) had:
- Moderate Fe (0.69)
- Low-moderate C (0.00697)
- Low Mn, Si
- Moderate Cr (0.15)
- Low Ni (0.00885)
- Low-moderate Mo (0.0116)
- High Co (0.13)

The composition with 1646.7 MPa had:
- Similar Fe (0.68)
- No C (0.0)
- Higher Mo (0.0327)
- Moderate Co (0.106)
- Some N (0.000408)

The 1502.0 MPa composition had:
- Higher V (0.00453)
- Higher N (0.00522)

My suggested composition:
Fe: 0.685
C: 0.00750
Mn: 0.000102
Si: 0.000199
Cr: 0.152
Ni: 0.00100
Mo: 0.0320
V: 0.00470
Nb: 0.000480
Co: 0.135
Al: 0.000625
Ti: 0.0
N: 0.00550
W: 0.0

This composition combines the beneficial elements from the highest performing samples while staying within the specified ranges.",1368.5,2510.3,Continuing
24,49,"Fe: 0.685, C: 0.0112, Mn: 0.000102, Si: 0.000199, Cr: 0.0957, Ni: 0.0705, Mo: 0.00991, V: 0.00307, Nb: 6.02e-05, Co: 0.123, Al: 0.000622, Ti: 0.000351, N: 0.0, W: 0.0","Based on the data provided, I'll suggest a new steel composition to maximize yield strength. Looking at the highest yield strength values (2356.4 MPa and 1646.7 MPa), I notice some patterns:

The composition with 2356.4 MPa had moderate C (0.00697), high Co (0.13), low Si, moderate Cr (0.15), and some Mo (0.0116).

The composition with 1646.7 MPa had zero C, moderate Co (0.106), low Si, moderate Cr (0.111), high Mo (0.0327), and some N.

I'll suggest a composition that combines these beneficial elements:

Fe: 0.680
C: 0.00700
Mn: 0.000102
Si: 0.000199
Cr: 0.150
Ni: 0.000095
Mo: 0.0300
V: 0.0200
Nb: 0.000480
Co: 0.130
Al: 0.000620
Ti: 0.0
N: 0.0050
W: 0.0

This composition maintains high Co content similar to the best performer, includes moderate C, increases V content (which showed benefits in several high-performing samples), adds N (which appeared beneficial), maximizes Mo within the observed beneficial range, and keeps Si and Mn low as they don't appear to contribute positively to yield strength.",1550.3,2510.3,Continuing
25,288,"Fe: 0.678, C: 0.000464, Mn: 0.000102, Si: 0.000199, Cr: 0.0873, Ni: 0.114, Mo: 0.000116, V: 0.00011, Nb: 6e-05, Co: 0.0992, Al: 0.00806, Ti: 0.0129, N: 0.0, W: 0.0","Based on the data provided, I'll suggest a new steel composition that aims to maximize yield strength.

Looking at the highest yield strengths observed (2356.4 MPa, 1646.7 MPa, and 1586.7 MPa), I notice several patterns:

1. The composition with 2356.4 MPa had moderate C (0.00697), high Co (0.13), moderate Cr (0.15), and some Mo (0.0116)
2. The 1646.7 MPa composition had zero C, moderate Co (0.106), moderate Cr (0.111), high Mo (0.0327), and some Ni (0.068)
3. The 1586.7 MPa composition had moderate C (0.00699), high Co (0.13), high Cr (0.155), moderate Mo (0.0177), some V (0.0045), and some N (0.0012)

My suggested composition:

Fe: 0.680
C: 0.00700
Mn: 0.000102
Si: 0.000200
Cr: 0.150
Ni: 0.000095
Mo: 0.030000
V: 0.010000
Nb: 0.000060
Co: 0.130000
Al: 0.000620
Ti: 0.000000
N: 0.003000
W: 0.000000

This composition combines the beneficial elements from the highest-performing steels: moderate carbon, high cobalt and chromium, high molybdenum, increased vanadium, and some nitrogen, while keeping iron content optimized.",1768.0,2510.3,Continuing
26,289,"Fe: 0.673, C: 0.000475, Mn: 0.000104, Si: 0.000203, Cr: 0.00011, Ni: 0.144, Mo: 0.0149, V: 0.000112, Nb: 6.14e-05, Co: 0.145, Al: 0.000635, Ti: 0.0215, N: 0.0, W: 0.0","Based on the data provided, I'll suggest a new steel composition to maximize yield strength.

Looking at the highest yield strengths observed:
- 2356.4 MPa: Fe: 0.69, C: 0.00697, Mn: 0.000102, Si: 0.000199, Cr: 0.15, Ni: 0.00885, Mo: 0.0116, V: 0.00011, Nb: 0.000481, Co: 0.13, Al: 0.000621
- 1768.0 MPa: Fe: 0.678, C: 0.000464, Mn: 0.000102, Si: 0.000199, Cr: 0.0873, Ni: 0.114, Mo: 0.000116, V: 0.00011, Nb: 6e-05, Co: 0.0992, Al: 0.00806, Ti: 0.0129
- 1646.7 MPa: Fe: 0.68, C: 0.0, Mn: 0.000104, Si: 0.000204, Cr: 0.111, Ni: 0.068, Mo: 0.0327, V: 0.000112, Nb: 6.16e-05, Co: 0.106, Al: 0.000636, Ti: 0.0, N: 0.000408

My suggested composition combines elements from these high-performing compositions:

Fe: 0.685
C: 0.00701
Mn: 0.000102
Si: 0.000199
Cr: 0.145
Ni: 0.0095
Mo: 0.0125
V: 0.00452
Nb: 0.000485
Co: 0.135
Al: 0.00085
Ti: 0.0135
N: 0.00045
W: 0.0

This composition incorporates the higher Co content from the best performer while adding Ti and optimizing V based on other high-performing samples, with moderate Mo content and a balanced approach to the other elements.",1571.2,2510.3,Continuing
27,232,"Fe: 0.67, C: 0.00564, Mn: 0.000103, Si: 0.000201, Cr: 0.158, Ni: 9.63e-05, Mo: 0.03, V: 0.00477, Nb: 6.08e-05, Co: 0.129, Al: 0.000628, Ti: 0.0, N: 0.00121, W: 0.0","Based on the experimental data, I'll suggest a new steel composition that aims to maximize yield strength.

Looking at the data, I notice that the highest yield strength (2356.4 MPa) was achieved with a composition that had moderate C content, high Co content, low Si, moderate Cr, and some Mo and V. The second highest (1768.0 MPa) had low C, high Ni and Co, and significant Ti content.

For my recommendation, I'll combine these successful elements:

Fe: 0.670000
C: 0.006500
Mn: 0.000102
Si: 0.000200
Cr: 0.120000
Ni: 0.100000
Mo: 0.025000
V: 0.020000
Nb: 0.000500
Co: 0.150000
Al: 0.000620
Ti: 0.015000
N: 0.002000
W: 0.000000

This composition combines:
- Moderate carbon content (0.0065)
- High cobalt (0.15) which appears in many high-strength samples
- Significant nickel (0.1) which was present in several high-performing alloys
- Moderate chromium (0.12)
- Strategic additions of Mo, V, Ti, and N which appeared beneficial
- Minimized Si content as lower values seemed to perform better
- Fe content adjusted to balance the composition",1515.8,2510.3,Continuing
28,250,"Fe: 0.672, C: 0.00564, Mn: 0.000103, Si: 0.000201, Cr: 0.156, Ni: 9.62e-05, Mo: 0.0294, V: 0.00454, Nb: 6.08e-05, Co: 0.129, Al: 0.00105, Ti: 0.0, N: 0.00121, W: 0.0","Based on the experimental data, I'll suggest a new steel composition that aims to maximize yield strength.

Looking at the data, I notice that the highest yield strength (2356.4 MPa) was achieved with a composition that had moderate C content, high Co content, low Si, moderate Cr, and some Mo and V. The second highest (1768.0 MPa) had high Ni and Co, low C, and significant Ti content.

For my recommendation, I'll combine these successful elements:

Fe: 0.670000
C: 0.006500
Mn: 0.000102
Si: 0.000200
Cr: 0.150000
Ni: 0.120000
Mo: 0.030000
V: 0.020000
Nb: 0.000500
Co: 0.150000
Al: 0.000620
Ti: 0.020000
N: 0.003000
W: 0.000000

This composition incorporates:
- Moderate carbon content (0.0065)
- High cobalt (0.15) which appears in many high-strength samples
- Significant nickel (0.12) which was present in high-performing samples
- Optimized chromium (0.15)
- Higher vanadium (0.02) which showed benefits in several samples
- Titanium (0.02) which was present in high-performing samples
- Some nitrogen (0.003) which appeared beneficial in some samples
- Maximized molybdenum (0.03) which was present in stronger samples",1322.9,2510.3,Continuing
29,92,"Fe: 0.69, C: 0.0097, Mn: 0.000101, Si: 0.0111, Cr: 0.134, Ni: 0.00936, Mo: 0.0114, V: 0.0037, Nb: 0.000478, Co: 0.129, Al: 0.000617, Ti: 0.0, N: 0.0, W: 0.0","Based on the experimental data, I'll suggest a new steel composition that aims to maximize yield strength.

Looking at the data, I notice that the highest yield strength (2356.4 MPa) was achieved with:
- Moderate Fe (0.69)
- Low C (0.00697)
- Low Mn, Si
- Moderate Cr (0.15)
- Low Ni (0.00885)
- Low Mo (0.0116)
- High Co (0.13)

Other high-performing compositions (>1500 MPa) share some patterns:
- Fe content around 0.67-0.68
- Either very low C (<0.001) or moderate C (0.005-0.007)
- Low Si and Mn
- Varying combinations of Cr, Ni, Mo, V, Co, and Ti
- Some include N in small amounts

My suggested composition:

Fe: 0.680000
C: 0.006970
Mn: 0.000102
Si: 0.000199
Cr: 0.152000
Ni: 0.008850
Mo: 0.029400
V: 0.004540
Nb: 0.000480
Co: 0.135000
Al: 0.000622
Ti: 0.010500
N: 0.001200
W: 0.000000

This composition combines elements from the highest-performing samples while staying within the specified ranges, incorporating moderate carbon, high chromium, low nickel, moderate molybdenum and vanadium, high cobalt, and small amounts of titanium and nitrogen that appeared beneficial in several high-strength samples.",1280.7,2510.3,Continuing
30,267,"Fe: 0.668, C: 0.00972, Mn: 0.00435, Si: 0.0099, Cr: 0.134, Ni: 0.0112, Mo: 0.0119, V: 0.000109, Nb: 5.98e-05, Co: 0.15, Al: 0.000618, Ti: 0.0, N: 0.0, W: 0.0","Based on the data provided, I'll suggest a new steel composition that aims to maximize yield strength.

Looking at the highest yield strengths observed (2356.4 MPa, 1768.0 MPa, 1646.7 MPa), I notice several patterns:

1. The composition with 2356.4 MPa had moderate C (0.00697), high Co (0.13), low Si, moderate Cr (0.15), and some Mo (0.0116)
2. The composition with 1768.0 MPa had low C (0.000475), high Ni (0.144), high Co (0.145), and high Ti (0.0215)
3. The composition with 1646.7 MPa had zero C, moderate Ni (0.068), high Mo (0.0327), and moderate Co (0.106)

My suggested composition is:

Fe: 0.670000
C: 0.006500
Mn: 0.000102
Si: 0.000200
Cr: 0.150000
Ni: 0.120000
Mo: 0.030000
V: 0.004500
Nb: 0.000480
Co: 0.140000
Al: 0.000630
Ti: 0.020000
N: 0.001200
W: 0.000000

This composition combines elements from the highest-performing steels: moderate carbon content, high cobalt, high nickel, significant chromium, high molybdenum, some vanadium, titanium, and a small amount of nitrogen.",1352.2,2510.3,Continuing
31,76,"Fe: 0.677, C: 0.000478, Mn: 0.000104, Si: 0.000204, Cr: 0.00011, Ni: 0.146, Mo: 0.0188, V: 0.000113, Nb: 6.17e-05, Co: 0.149, Al: 0.000638, Ti: 0.00839, N: 0.0, W: 0.0","Based on the data provided, I'll suggest a new steel composition that aims to maximize yield strength.

Looking at the highest yield strengths observed (2356.4 MPa, 1768.0 MPa, 1646.7 MPa), I notice several patterns:

1. The composition with 2356.4 MPa had moderate C (0.00697), high Co (0.13), low Si, moderate Cr (0.15), and some Mo (0.0116)
2. The composition with 1768.0 MPa had low C (0.000475), high Ni (0.144), high Co (0.145), and high Ti (0.0215)
3. The composition with 1646.7 MPa had zero C, moderate Ni (0.068), high Mo (0.0327), and moderate Co (0.106)

My suggested composition combines these beneficial elements:

Fe: 0.670000
C: 0.006500
Mn: 0.000103
Si: 0.000200
Cr: 0.150000
Ni: 0.120000
Mo: 0.030000
V: 0.004500
Nb: 0.000480
Co: 0.140000
Al: 0.000630
Ti: 0.020000
N: 0.001200
W: 0.000000

This composition combines moderate carbon content, high cobalt, high nickel, high molybdenum, moderate vanadium, and significant titanium - all elements that appeared in the highest-performing compositions.",1669.3,2510.3,Continuing
32,73,"Fe: 0.667, C: 0.000477, Mn: 0.000522, Si: 0.00102, Cr: 0.00011, Ni: 0.171, Mo: 0.0233, V: 0.000113, Nb: 6.17e-05, Co: 0.115, Al: 0.00361, Ti: 0.0184, N: 0.0, W: 0.0","Based on the data provided, I'll suggest a new steel composition to maximize yield strength.

Looking at the observations, I notice that the highest yield strength (2356.4 MPa) was achieved with:
- Moderate Fe (0.69)
- Low C (0.00697)
- Low Mn, Si
- Moderate Cr (0.15)
- Low Ni (0.00885)
- Low Mo (0.0116)
- High Co (0.13)

Other high-performing compositions (>1600 MPa) share some patterns:
- Lower Fe content (0.67-0.68 range)
- Either very low C or moderate C
- High Co content
- Presence of V, N, or Ti

For my suggestion, I'll combine these beneficial elements:

Fe: 0.670000
C: 0.006500
Mn: 0.000102
Si: 0.000200
Cr: 0.155000
Ni: 0.000095
Mo: 0.030000
V: 0.004700
Nb: 0.000060
Co: 0.140000
Al: 0.000630
Ti: 0.015000
N: 0.004000
W: 0.000000

This composition combines the beneficial elements from the highest performing samples while staying within the specified ranges.",2381.6,2510.3,Continuing
33,99,"Fe: 0.65, C: 0.000477, Mn: 0.000522, Si: 0.00102, Cr: 0.00011, Ni: 0.176, Mo: 0.0215, V: 0.000113, Nb: 6.17e-05, Co: 0.126, Al: 0.0017, Ti: 0.0225, N: 0.0, W: 0.0","Based on the data provided, I'll suggest a new steel composition to maximize yield strength.

Looking at the highest yield strengths (2381.6 MPa and 2356.4 MPa), I notice some patterns:
- Low to moderate C content (0.000477-0.00697)
- Very low Mn (0.000102-0.000522)
- Low Si (0.00102-0.000199)
- Low to moderate Cr (0.00011-0.15)
- Moderate to high Ni (0.17-0.171)
- Moderate Mo (0.0116-0.0298)
- Presence of Ti in the highest yield strength composition (0.0184)
- Co content around 0.07-0.13

My suggested composition is:
Fe: 0.665
C: 0.00550
Mn: 0.000500
Si: 0.000200
Cr: 0.00015
Ni: 0.180
Mo: 0.0250
V: 0.000110
Nb: 0.000060
Co: 0.120
Al: 0.00350
Ti: 0.0200
N: 0.000000
W: 0.000000

This composition combines elements from the highest performing steels while staying within the specified ranges.",2411.5,2510.3,Continuing
34,273,"Fe: 0.655, C: 0.0, Mn: 0.000522, Si: 0.00102, Cr: 0.00011, Ni: 0.176, Mo: 0.0215, V: 0.00563, Nb: 6.17e-05, Co: 0.117, Al: 0.000425, Ti: 0.0228, N: 0.0, W: 0.0","Based on the data provided, I'll suggest a new steel composition to maximize yield strength.

Looking at the highest yield strengths (above 2300 MPa), I notice these compositions share some key characteristics:
- Low to moderate Fe content (0.65-0.7)
- Either very low C (around 0.0005) or moderate C (around 0.007)
- Very low Mn (0.0001-0.0005)
- Low Si (0.0001-0.001)
- Either very low Cr (0.0001) or moderate Cr (0.15)
- Moderate to high Ni (0.009-0.18)
- Moderate Mo (0.01-0.03)
- Ti appears beneficial when combined with low C
- Co around 0.12-0.15 seems optimal

My suggested composition is:
Fe: 0.645
C: 0.000475
Mn: 0.000520
Si: 0.000980
Cr: 0.000110
Ni: 0.185000
Mo: 0.022000
V: 0.000112
Nb: 0.000062
Co: 0.130000
Al: 0.001800
Ti: 0.025000
N: 0.000000
W: 0.000000

This composition builds on the highest performing samples (2411.5 MPa and 2381.6 MPa) by slightly decreasing Fe, increasing Ni, optimizing Ti and maintaining the successful ratios of other elements.",2402.3,2510.3,Continuing
35,206,"Fe: 0.652, C: 0.0, Mn: 0.000522, Si: 0.00102, Cr: 0.00011, Ni: 0.177, Mo: 0.0209, V: 0.000113, Nb: 6.17e-05, Co: 0.126, Al: 0.00212, Ti: 0.0194, N: 0.0, W: 0.0","Based on the experimental data, I'll suggest a new steel composition that aims to maximize yield strength.

Looking at the highest yield strengths (above 2300 MPa), I notice several patterns:
1. The best compositions have low Fe content (0.65-0.67 range)
2. High Ni content (0.17-0.18 range)
3. Moderate Mo content (0.02-0.03 range)
4. Ti content around 0.02-0.023
5. Low or zero C content
6. Low Si content

Here's my suggested composition:

Fe: 0.645
C: 0.0
Mn: 0.000522
Si: 0.00102
Cr: 0.00011
Ni: 0.182
Mo: 0.0225
V: 0.00563
Nb: 6.17e-05
Co: 0.122
Al: 0.00085
Ti: 0.0228
N: 0.0
W: 0.0

This composition builds on the successful elements from the highest-performing samples while slightly adjusting key elements (lower Fe, higher Ni) within the allowed ranges to potentially achieve even higher yield strength.",2331.1,2510.3,Continuing
36,71,"Fe: 0.644, C: 0.0, Mn: 0.000521, Si: 0.00102, Cr: 0.00011, Ni: 0.177, Mo: 0.0215, V: 0.000112, Nb: 6.17e-05, Co: 0.126, Al: 0.00234, Ti: 0.0269, N: 0.0, W: 0.0","Based on the data provided, I'll suggest a new steel composition to maximize yield strength. The highest yield strengths (above 2300 MPa) were observed in compositions with:
- Low Fe content (around 0.65-0.67)
- Low or zero C content
- Low Mn content
- Low Si content
- Very low Cr content
- High Ni content (0.17-0.18)
- Moderate Mo content (0.02-0.03)
- Variable V content
- Low Nb content
- Moderate to high Co content (0.11-0.13)
- Low to moderate Al content
- High Ti content (0.019-0.023)
- Zero N and W content

My suggested composition is:
Fe: 0.648
C: 0.0
Mn: 0.000522
Si: 0.00102
Cr: 0.00011
Ni: 0.178
Mo: 0.0225
V: 0.00452
Nb: 6.17e-05
Co: 0.127
Al: 0.00185
Ti: 0.0229
N: 0.0
W: 0.0",2501.1,2510.3,Continuing
37,31,"Fe: 0.634, C: 0.000478, Mn: 0.000523, Si: 0.00102, Cr: 0.000111, Ni: 0.173, Mo: 0.0237, V: 0.000113, Nb: 6.19e-05, Co: 0.146, Al: 0.00277, Ti: 0.0176, N: 0.0, W: 0.0","Based on the data provided, I'll suggest a new steel composition to maximize yield strength.

Looking at the highest yield strengths (above 2300 MPa), I notice several patterns:
- Low Fe content (0.644-0.655)
- Very low or zero C content
- Low Mn, Si, and Cr
- High Ni (0.17-0.18)
- Moderate Mo (0.02-0.03)
- Variable V content
- High Ti content (0.019-0.027)
- Low to moderate Al content

My suggested composition is:

Fe: 0.640000
C: 0.000000
Mn: 0.000522
Si: 0.001020
Cr: 0.000110
Ni: 0.180000
Mo: 0.022000
V: 0.004500
Nb: 0.000062
Co: 0.130000
Al: 0.002000
Ti: 0.029000
N: 0.000000
W: 0.000000

This composition builds on the successful elements of the highest-performing steels while pushing some parameters to optimize yield strength further.",2487.3,2510.3,Continuing
38,212,"Fe: 0.636, C: 0.000474, Mn: 0.000518, Si: 0.00101, Cr: 0.000109, Ni: 0.188, Mo: 0.0086, V: 0.000112, Nb: 6.12e-05, Co: 0.144, Al: 0.00274, Ti: 0.0184, N: 0.0, W: 0.0","Based on the experimental data, I'll suggest a new steel composition that aims to maximize yield strength.

Looking at the highest yield strength values (above 2400 MPa), I notice several patterns:
1. Lower Fe content (around 0.63-0.65)
2. Very low or zero C content
3. Low Mn, Si, and Cr
4. High Ni content (0.17-0.18)
5. Moderate Mo content (0.02-0.024)
6. Significant Ti content (0.017-0.027)
7. Presence of Co (0.12-0.15)
8. Low to moderate Al content

My suggested composition is:

Fe: 0.630000
C: 0.000000
Mn: 0.000522
Si: 0.001020
Cr: 0.000110
Ni: 0.180000
Mo: 0.023500
V: 0.004700
Nb: 0.000062
Co: 0.140000
Al: 0.002100
Ti: 0.025000
N: 0.000000
W: 0.000000

This composition builds on the successful patterns from the highest-performing samples while pushing some parameters slightly further in promising directions.",2249.6,2510.3,Continuing
39,306,"Fe: 0.661, C: 0.000475, Mn: 0.00052, Si: 0.00102, Cr: 0.00011, Ni: 0.17, Mo: 0.0247, V: 0.000112, Nb: 6.15e-05, Co: 0.111, Al: 0.0131, Ti: 0.0177, N: 0.0, W: 0.0","Based on the data provided, I'll suggest a new steel composition to maximize yield strength.

Looking at the highest yield strengths (above 2400 MPa), I notice these compositions share several characteristics:
- Low Fe content (0.634-0.655)
- Very low or zero C content
- Low Mn, Si, and Cr
- High Ni (0.173-0.188)
- Moderate Mo (0.0086-0.0237)
- Variable V content
- Low Nb
- Moderate to high Co (0.117-0.146)
- Moderate Al (0.00212-0.00277)
- High Ti (0.0176-0.0269)

My suggested composition is:

Fe: 0.630000
C: 0.000000
Mn: 0.000520
Si: 0.001020
Cr: 0.000110
Ni: 0.185000
Mo: 0.022000
V: 0.004500
Nb: 0.000062
Co: 0.140000
Al: 0.002500
Ti: 0.025000
N: 0.000000
W: 0.000000

This composition combines the successful elements from the highest-performing samples while staying within the specified ranges.",2510.3,2510.3,Max yield strength reached
